Title,Day,Tags,Description,Speakers,PDF URL,Video URL
카카오에서 컨테이너를 사용하는 방법,day1 (8/29),"컨테이너, 쿠버네티스, k8s, knative, mesos, docker","카카오에서 사용중인 사내 컨테이너 플랫폼들에 대한 소개를 합니다.
단순 오픈소스 설치만이 아닌 사설 컨테이너 플랫폼을 구성할때 고려해야할 사항들에 대해서 공유합니다. 
카카오 서비스들에서 어떻게 사내 컨테이너 플랫폼들을 사용하고 있는지를 소개합니다.
이미지 저장소인 d2hub, 컨테이너 오케스트레이터인 dkos, helm 차트 저장소인 k2hub, 서버리스 앱런처등에 대해 설명합니다.
이런 서비스들이 어떤 필요에 의해 나오게 되었고, 어떻게 발전해 가고 있는지에 대해서도 이야기 합니다.",정원천(hardy.jung) <카카오>,https://mk.kakaocdn.net/dn/if-kakao/conf2019/%EB%B0%9C%ED%91%9C%EC%9E%90%EB%A3%8C_2019/T01-S01.pdf,https://mk.kakaocdn.net/dn/if-kakao/conf2019/conf_video_2019/1_101_01_m1.mp4
"오픈소스 데이터베이스, 흐르는 은행 데이터에 빨대를 꽂아보다.",day1 (8/29),"MySQL, Binlog, CDC, Replicator, DB","MySQL의 트랜잭션 로그인 바이너리로그를 활용하여, 흐르는 은행 서비스 데이터를 다른 샤딩 디비에 효율적으로 분산 저장하는 방안을 소개.
과거 KakaoADT 오픈소스 프로젝트 컨셉을 공유하는 프로젝트2탄이며, ""MySQL로 유입된 데이터""에 빨대를 꽂아, 타겟의 종류와는 상관없이, ""서비스 특화된 데이터로 재구성""하는 방안을 공유하고자 합니다.

- 데이터 샤딩의 목적과 한계점
- MySQL 바이너리로그 특성
- Kakao ADT의 컨셉과 비교
- 온라인 서비스를 위한 고려사항과 추가 개선사항
- 대용량 트래픽 성능 테스트
- 적용 사례 및 이슈사항",성동찬(chan.chan) <카카오뱅크>,https://mk.kakaocdn.net/dn/if-kakao/conf2019/%EB%B0%9C%ED%91%9C%EC%9E%90%EB%A3%8C_2019/T03-S01.pdf,https://mk.kakaocdn.net/dn/if-kakao/conf2019/conf_video_2019/1_102_01_m1.mp4
서비스 장애를 극복하는 게임플랫폼 구축하기 (Build a fault tolerant system),day1 (8/29),"서버, 아키텍쳐, 노하우","IT 서비스를 개발/운영 하다보면 다양한 원인들에 의해서 서비스 장애에 직면하게 됩니다. 
그 장애 요소들을 카카오게임즈 모바일게임플랫폼에서는 어떻게 사전 예방 하고 장애 발생시 어떻게 대응 하는지와 장애 허용 시스템 아키텍처가 플랫폼 서비스에 어떻게 적용되어 구축 되어 있는지에 대해서 공유하겠습니다. 개발/운영중인 서비스 담당하시는 분들은 서비스 안정성과 품질을 높이기 위해서 어떤 노력들이 필요한지 많은 정보를 얻어 가시기 바랍니다. 

- 왜 서비스 장애가 발생하는가?
- 장애 허용 시스템이란?
- 장애 허용 시스템 구성을 해야하는 이유
- 장애 허용 시스템 구축하기 ",엄익상(leo.eom) <카카오게임즈>,https://mk.kakaocdn.net/dn/if-kakao/conf2019/%EB%B0%9C%ED%91%9C%EC%9E%90%EB%A3%8C_2019/T02-S01.pdf,https://mk.kakaocdn.net/dn/if-kakao/conf2019/conf_video_2019/1_103_01_m1.mp4
리액트: 그것마저 결정해주마,day1 (8/29),"리액트, SSR, css-in-js, 프론트엔드, 노하우","리액트로 개발할 때 자주 하게되는 고민과 그에 대한 해결책을 설명한다.

고민1) 컴포넌트 코드를 일관성 있게 작성하고 싶어요.
고민2) 기존 클래스형 컴포넌트를 훅으로 변경해야 할까요?
고민3) 서버사이드 렌더링을 해야할까요?
고민4) 렌더 함수 안에서 새로운 객체를 생성해도 되나요?
고민5) 리덕스를 써야하나요?
고민6) 주위에서 타입스크립트 얘기가 많이 들리는데요, 정적 타입을 도입하는 게 좋을까요?",이재승(landvibe.podo) <카카오페이지>,https://mk.kakaocdn.net/dn/if-kakao/conf2019/%EB%B0%9C%ED%91%9C%EC%9E%90%EB%A3%8C_2019/T04-S01.pdf,https://mk.kakaocdn.net/dn/if-kakao/conf2019/conf_video_2019/1_104_01_m1.mp4
서버 성능테스트 Tip - 사례를 통해 얻은 교훈들,day1 (8/29),"서버, 성능테스트, 사례, 부하테스트, 노하우",게임은 대규모 고객의 트래픽이 순간적으로 인입되거나 대규모 트래픽이 지속적으로 유지되는 특성을 가진 서비스이다. 이런 특성상 서버의 성능 테스트는 서비스 런칭 전 가장 중요한 테스트 중 하나로 인식되고 있다. 이에 그 동안 진행한 다양한 서비스의 성능테스트 사례를 바탕으로 성능 테스트 진행 시 중요한 사항들 및 간과하기 쉬운 부분들에 대해 공유한다. 또한 이런 사례들을 바탕으로 도출된 카카오게임즈와 엔글의 성능테스트 프로세스 및 방법을 소개한다.,"문진섭(arther.moon) <카카오게임즈>, 신호용(hoyongsh.ngle) <카카오게임즈>",https://mk.kakaocdn.net/dn/if-kakao/conf2019/%EB%B0%9C%ED%91%9C%EC%9E%90%EB%A3%8C_2019/T05-S01.pdf,https://mk.kakaocdn.net/dn/if-kakao/conf2019/conf_video_2019/1_105_01_m1.mp4
클라우드를 위해 변화하고 있는 카카오 데이터센터 네트워크,day1 (8/29),"네트워크, 데이터센터, 클라우드, 자동화","카카오의 데이터센터 네트워크는 일찍부터 대용량의 오픈스택/K8S 의 성장을 뒷받침 할 수 있는 구조를 고민해 왔고 실제로 변화하고 있는 중입니다.
이번 세션에서는, 수 년전 부터 인프라의 자동화/클라우드화를 중단없이 지원하기 위해 진화하고 있는 카카오 데이터센터 네트워크 구조의 변화를 살펴보고 아울러 현재 고민하고 있는 향후 진화방향을 공유합니다.

- 물리적, 논리적 구성변화 내용 및 로드맵
- Provisioning 과 모니터링 
- K8S, OpenStack 에 대한 대응과 LBaaS
- 다음 단계로의 진화를 위해 아직 남아 있는 질문들
",서상덕(milo.seo) <카카오>,https://mk.kakaocdn.net/dn/if-kakao/conf2019/%EB%B0%9C%ED%91%9C%EC%9E%90%EB%A3%8C_2019/T01-S02.pdf,https://mk.kakaocdn.net/dn/if-kakao/conf2019/conf_video_2019/1_101_02_m1.mp4
Telemetry on K8S,day1 (8/29),"kocoon, k8s, telemetry, hermes, fluentd, helm","Telemetry on k8s
- 기존 시스템 (KEMI) 에서 KOCOON 을 진행하게 된 이유
- log collecting on k8s
- 대용량 logging을 하면서 겪었던 이슈와 해결 방식들 공유
","송지현(jenny.ssong) <카카오>, 임성국(issac.lim) <카카오>",https://mk.kakaocdn.net/dn/if-kakao/conf2019/%EB%B0%9C%ED%91%9C%EC%9E%90%EB%A3%8C_2019/T03-S02.pdf,https://mk.kakaocdn.net/dn/if-kakao/conf2019/conf_video_2019/1_102_02_m1.mp4
초당옥수수의 취소를 막아라! : 수만 건의 주문을 1초내에 처리하는 기술,day1 (8/29),"레거시개선, 비동기워커, 성능개선, RabbitMQ","카카오커머스 쇼핑플랫폼에서 판매자의 대량 처리 기능들을 개선하면서 겪은 문제점과 해결 방법에 대해 이야기합니다.
레거시 시스템이 가진 한계를 개선하기 위해 확장성을 가진 비동기 워커 구조를 도입하고,실패감지 및 복구가 가능하도록 설계한 노하우를 공유합니다. 
배포없이 빠르게 롤백하는 개선 경험도 나누고자 합니다.","고희경(sally.vic) <카카오커머스>, 마태일(dwayne.m) <카카오커머스>",https://mk.kakaocdn.net/dn/if-kakao/conf2019/%EB%B0%9C%ED%91%9C%EC%9E%90%EB%A3%8C_2019/T02_S02.pdf,https://mk.kakaocdn.net/dn/if-kakao/conf2019/conf_video_2019/1_103_02_m1.mp4
FE 개발자가 브라우저를 확장하기,day1 (8/29),"웹, 웹표준, houdini, worklet, 웹브라우저, 프론트엔드, 자바스크립트","웹 표준은 활발히 논의되고 또 추가된다. 웹 브라우저 벤더들은 꾸준히 새 표준을 웹 브라우저에 구현한다. 하지만 웹 애플리케이션은 다양하고 FE 개발자에게 필요한 기능은 항상 부족하다. 그렇기 때문에 개발자가 직접 브라우저의 동작을 확장하는 API가 표준화 진행 중이다. 이 세션에서는 그중 일부인 CSS Paint API, CSS Layout API를 통해 FE 개발자가 브라우저의 동작을 확장하는 방법을 설명하고, 또 적용해 본 경험을 공유한다.",황현구(copy.left) <카카오>,https://mk.kakaocdn.net/dn/if-kakao/conf2019/%EB%B0%9C%ED%91%9C%EC%9E%90%EB%A3%8C_2019/T04_S02.pdf,https://mk.kakaocdn.net/dn/if-kakao/conf2019/conf_video_2019/1_104_02_m1.mp4
컨테이너 CI/CD를 하나의 Jenkins pipeline으로으로 관리하기,day1 (8/29),"쿠버네티스, k8s, CI/CD, jenkins, 파이프라인","카카오페이 Devops팀에서는 Jenkins pipeline을 이용하여 K8S CI/CD를 제공하고 있습니다.
이 시스템은 Jenkins pipeline만 사용하던 버전에서 Jenkins pipeline, spinnaker, k8s, istio를 엮는 버전으로 발전하고 있습니다.
Devops 개발자 관점에서 하나의 pipeline을 이용하여 전체 K8S 서비스 CI/CD를 구축했던 방법과 경험을 공유합니다.",서강혁(pilsner.suh) <카카오페이>,https://mk.kakaocdn.net/dn/if-kakao/conf2019/%EB%B0%9C%ED%91%9C%EC%9E%90%EB%A3%8C_2019/T05-S02.pdf,https://mk.kakaocdn.net/dn/if-kakao/conf2019/conf_video_2019/1_105_02_m1.mp4
Massive Computing in Cloud and kakao,day1 (8/29),"HPC, MPC, AI, 딥러닝, DL, ReinfrocementLearning, 클라우드, CloudNative","클라우드 네이티브환경에서의 대규모 분산처리시에 고려할 점, 기술적인 주요 마일스톤 및 해결 방법에 대한 이야기, 그리고 카카오 클라우드에서의 사례 

- Massively Parallel Computing(MPC) Categories  
- Generations of MPC 
- Cloud Native way of tackling technical Issues in MPC  
- Application Case with Cloud Native MPC for AI(DL, RN) in Kakao",공용준(andrew.kong) <카카오>,https://mk.kakaocdn.net/dn/if-kakao/conf2019/%EB%B0%9C%ED%91%9C%EC%9E%90%EB%A3%8C_2019/T01-S03.pdf,https://mk.kakaocdn.net/dn/if-kakao/conf2019/conf_video_2019/1_101_03_m1.mp4
Microservice에서 쏟아지는 로그를 Perl5를 사용하여 로그수집기들로  잘 보내고 활용하기,day1 (8/29),"perl, 대용량로그, fluentd, Postgresql, 노하우","서비스들의 아키텍쳐가  MSA로 변경이 되면서 로그 데이터의양이 많아지고 수집과 관리가 어려워 지고 있습니다.
하지만 현재 Fluentd/Kafka/Logstash...등 검증된 로그수집기들이 많이 있습니다.
이 세션에서는 쏟아지는 로그 데이터를 Perl5를 활용하여 로그수집기로 보내고 수집/분석/활용한 경험을 공유 하고자 합니다.",강윤창(perl.kang) <카카오>,https://mk.kakaocdn.net/dn/if-kakao/conf2019/%EB%B0%9C%ED%91%9C%EC%9E%90%EB%A3%8C_2019/T03-S03.pdf,https://mk.kakaocdn.net/dn/if-kakao/conf2019/conf_video_2019/1_102_03_m1.mp4
"Practical Microservices in gRPC Go feat. GraphQL, Kafka(서포터즈 기사 개발기)",day1 (8/29),"백엔드, 비동기, MSA","카카오 T 대리 서포터즈 기사 기능을 개발하면서 Legacy 코드들로부터 독립적이고 효율적으로 작업하기 위해 도입한 Microservices Architecture 를 소개한다. 
기존 Ruby on Rails, Java 등이 주류인 개발 환경으로부터 Go 언어를 선택하게 된 배경. RESTFul 이 아닌 gRPC 서비스가 어떠한 사유로 필요했는지. 서비스 수가 많아지면서 GraphQL을 API Gateway 기술로 선정하게 된 이유. 왜 Kafka 를 통한 비동기 이벤트 처리를 하는지. 다른 대안들은 없었는지. 이 모든 것을 어떻게 모니터링하고 운영하는지 등 실제 프로젝트의 설계부터 개시, 운영까지의 경험을 공유한다.","강태훈(travis.kang) <카카오모빌리티>, 김민영(zest.ly) <카카오모빌리티>, 문주성(ether.moon) <카카오모빌리티>, 양진선(david.y) <카카오모빌리티>, 이하건(brian.lee) <카카오모빌리티>",https://mk.kakaocdn.net/dn/if-kakao/conf2019/%EB%B0%9C%ED%91%9C%EC%9E%90%EB%A3%8C_2019/T02-S03.pdf,https://mk.kakaocdn.net/dn/if-kakao/conf2019/conf_video_2019/1_103_03_m1.mp4
프론트엔드 기술로 동료들 삶의 질 높여주기 (카카오뱅크 Fun 프로젝트 개발기),day1 (8/29),"카카오뱅크, 웹, 프론트엔드, 업무효율화, Three.js, Creative","3년 전 카카오뱅크, 아무것도 없다는 말에 와봤는데 정말 아무것도 없었다.
맨땅 일구며 함께 일하는 동료들이 좀 더 즐겁고 편하게 일하도록 도울 순 없을까? 
자잘하게 혹은 큼직하게, 카카오뱅크가 일하는 방식을 바꿔나간 재미있고 소중한 프론트엔드 프로젝트 개발 경험을 공유한다.

- 프론트엔드 기술로 조직에 기여하기
- 카카오뱅크 유연근로제 서비스 - “WorkOn”
- 고객센터 신분증 검수업무를 게임처럼 - “OCR Slayer”
- 헤매지말고 3D로 찾아보자! 카카오뱅크 오피스 검색서비스 - “Floor!""",조규태(cavin.wow) <카카오뱅크>,https://mk.kakaocdn.net/dn/if-kakao/conf2019/%EB%B0%9C%ED%91%9C%EC%9E%90%EB%A3%8C_2019/T04-S03.pdf,https://mk.kakaocdn.net/dn/if-kakao/conf2019/conf_video_2019/1_104_03_m1.mp4
카카오뱅크 모바일앱 DevOps,day1 (8/29),"카카오뱅크, DevOps, 개발환경, 모바일","- 카카오뱅크 모바일앱의 개발부터 테스트, 배포, 운영에 이르는 전 구간을 자동화하여 배포를 효율화하고 안정성을 높인 환경을 소개 
- '개발 - 테스트 - 배포 - 운영' 자동화 및 안정성 개선을 위한 노력들을 흐름 순으로 소개",박이랑(bernard.park) <카카오뱅크>,https://mk.kakaocdn.net/dn/if-kakao/conf2019/발표자료_2019/T05-S03.pdf,https://mk.kakaocdn.net/dn/if-kakao/conf2019/conf_video_2019/1_105_03_m1.mp4
카카오톡 적용 사례를 통해 살펴보는 카카오 클라우드의 Kubernetes as a Service,day1 (8/29),"클라우드, 쿠버네티스, k8s, 컨테이너, 대규모, 카카오톡, 실서비스, 운영, 사례","카카오 프라이빗 클라우드의 KaaS(Kubernetes as a Service) DKOSv3 를 소개 하고,
카카오톡에 적용된 쿠버네티스 사례와 서비스 운영에 대해 공유합니다.

- 서비스 중단 없는 쿠버네티스 기반 컨테이너 클라우드 운영 (dennis.hong)
  * 카카오의 Kubernetes as a Service, DKOSv3 소개
  * 사내 인증과 통합된 쿠버네티스 멀티 클러스터 CI/CD 서비스 제공
  * 자동화된 쿠버네티스 클러스터의 라이프사이클 관리 기능을 통한 무중단 운영
  * Custom Controller, Custom Resource Definition 을 통한 On-premise 환경에서의 쿠버네티스와 물리 인프라 자원 통합

- 서비스 중단 없는 쿠버네티스 기반 카카오톡 백엔드 배포 및 운영 (greg.47)
  * 카카오톡 메시징 운영 
  * 카카오톡 메시징 배포의 어제와 오늘 그리고 내일 
  * Redis와 Kubernetes 그리고 카카오톡","김수범(greg.47) <카카오>, 홍석용(dennis.hong) <카카오>",https://mk.kakaocdn.net/dn/if-kakao/conf2019/%EB%B0%9C%ED%91%9C%EC%9E%90%EB%A3%8C_2019/T01-S04.pdf,https://mk.kakaocdn.net/dn/if-kakao/conf2019/conf_video_2019/1_101_04_m1.mp4
Airflow를 활용하여 아름다운 데이터 파이프라인 구성하기,day1 (8/29),"데이터, 파이프라인, 대용량, 노하우, Airflow","Airflow는 데이터 파이프라인을 생성하고 관리하기 위한 플랫폼으로, 2015년 Airbnb에 의해 소개된 이후 급성장하여 2018년말에는 Apache Top-Level 프로젝트로 지정되었다. 먼저 Airflow와 같은 workflow management tool이 왜 필요한지에 대해 살펴보고, 유사한 기능을 하는 Oozie, Azkaban, AWS Data Pipeline 등과 장단점을 비교하여 카카오페이지가 Airflow를 선택한 이유에 대해 설명한다. 그리고 Airflow에 익숙하지 않은 데이터 엔지니어를 위해 주요 개념 및 구조에 대해서 설명하고, 기본적인 활용법을 소개한다. 또한 해당 플랫폼의 가용성을 높게 유지하려면 어떠한 구성을 취하면 되는지 살펴본다. 마지막으로, Airflow를 활용하는 카카오페이지의 고유한 방식에 대하여 소개를 하고 끝을 맺는다.",최주원(brandon.hg) <카카오페이지>,https://mk.kakaocdn.net/dn/if-kakao/conf2019/%EB%B0%9C%ED%91%9C%EC%9E%90%EB%A3%8C_2019/T03-S04.pdf,https://mk.kakaocdn.net/dn/if-kakao/conf2019/conf_video_2019/1_102_04_m1.mp4
돈이 오고가는 금융프로젝트인 펌 뱅킹 서비스에서의 코틀린 적용 사례,day1 (8/29),"핀테크, 코틀린, 실서비스","금융 프로젝트인 펌 뱅킹 서비스에서 코틀린을 왜 적용 했는지, 신기술을 적용할때의 간단한 방법론 및 적용 과정 그리고 코틀린을 경험하면서 있었던 이슈 사항들 및 해결 방안에 대한 내용을 공유합니다.",강현식(kaka.wesome) <카카오페이>,https://mk.kakaocdn.net/dn/if-kakao/conf2019/%EB%B0%9C%ED%91%9C%EC%9E%90%EB%A3%8C_2019/T02-S04.pdf,https://mk.kakaocdn.net/dn/if-kakao/conf2019/conf_video_2019/1_103_04_m1.mp4
안드로이드 빌드: 설탕 없는 세계,day1 (8/29),"Android, TransformAPI, 빌드과정분석","안드로이드 빌드를 조금 더 심도있게 이해하기 위해 코드를 변조하는 트랜스폼 과정을 살펴봅니다.  

- 트랜스폼의 필요성 
- 트랜스폼 API  
- 구글이 구현한 실제 트랜스폼의 예 
- 써드 파티 트랜스폼의 예",김용욱(leonardo.kim) <카카오뱅크>,https://mk.kakaocdn.net/dn/if-kakao/conf2019/%EB%B0%9C%ED%91%9C%EC%9E%90%EB%A3%8C_2019/T04-S04.pdf,https://mk.kakaocdn.net/dn/if-kakao/conf2019/conf_video_2019/1_104_04_m1.mp4
자동화된 클라우드를 위하여,day1 (8/29),"클라우드, DevOps, SRE, 자동화","Krane은 지난 4년여의 세월을 지나면서 카카오의 중요한 인프라 서비스 중 하나가 되었습니다. 카카오의 다양한 서비스들이 Krane을 통해서 제공되고 있고, 지금도 개발되고 있습니다. 점점 서비스의 스케일이 확장되고 중요도가 높아진 Krane을 개발하고 운영하기 위해서 극복해야 할 문제 역시 증가하고 있습니다.
지금까지 우리가 겪어온 문제들과 해결해가고 있는 경험에 관해서 이야기하고자 합니다. 그리고 우리가 만들어낼 더욱 발전된 Krane에 대해서도 소개하고자 합니다.","이주원(ashon.lee) <카카오>, 정기훈(lev.jung) <카카오>",https://mk.kakaocdn.net/dn/if-kakao/conf2019/%EB%B0%9C%ED%91%9C%EC%9E%90%EB%A3%8C_2019/T05-S04.pdf,https://mk.kakaocdn.net/dn/if-kakao/conf2019/conf_video_2019/1_105_04_m1.mp4
클라우드 환경에서의 Serverless Service 개발,day1 (8/29),"serverless, 클라우드","클라우드 환경에서의 Serverless Service 개발 방법에 대해서 설명합니다.

- Serverless 아키텍쳐
- 보안 및 데이터 처리
- 적용 사례 : 카카오게임 사전예약 서비스",김준휘(james.j) <카카오게임즈>,https://mk.kakaocdn.net/dn/if-kakao/conf2019/%EB%B0%9C%ED%91%9C%EC%9E%90%EB%A3%8C_2019/T01-S05.pdf,https://mk.kakaocdn.net/dn/if-kakao/conf2019/conf_video_2019/1_101_05_m1.mp4
광고 데이터 처리 시스템 소개,day1 (8/29),"ADTECH, 데이터, 파이프라인, 데이터엔지니어링","광고의 시작에서 끝, 그 사이에는 여러 데이터가 있고 광고시스템 내의 서로 다른 시스템간 데이터를 연결하기 위해 우리가 하고 있는 노력, 시행착오 그리고 앞으로 해결해야 할 일들에 대해 소개합니다.",박성훈(k.ey) <카카오>,https://mk.kakaocdn.net/dn/if-kakao/conf2019/%EB%B0%9C%ED%91%9C%EC%9E%90%EB%A3%8C_2019/T03-S05.pdf,https://mk.kakaocdn.net/dn/if-kakao/conf2019/conf_video_2019/1_102_05_m1.mp4
광고서버 연대기,day1 (8/29),"광고비즈니스입문, ADTECH, ADSERVING, ADSERVER","우선 온라인 광고는 구글, 페이스북, MS, 아마존 등 우리가 익히 알고 있는 세계적인 공룡 기업부터 AI, AR, VR 등의 신기술과 함께 새롭게 도전하는 벤처까지 다양한 기업들이 많은 투자와 도전을 지속적으로 하고 있어 앞으로가 더 기대되는 분야입니다.
그래서 본 세션에서는 전지적(?) 광고서버 시점에서 조금은 생소할 수 있는 광고 도메인에 대한 기초적인 설명과 함께 카카오의 광고서버가 어떤 식으로 온라인 광고 생태계와 함께 발전해 왔는지 살펴보고 카카오의 광고서버가 바라보는 미래에 대한 이야기도 조금 풀어보고자 합니다. ",김진욱(bosco.j) <카카오>,https://mk.kakaocdn.net/dn/if-kakao/conf2019/발표자료_2019/T02-S05.pdf,https://mk.kakaocdn.net/dn/if-kakao/conf2019/conf_video_2019/1_103_05_m1.mp4
다음웹툰의 UX (New tab : Top),day1 (8/29),"Android, UX, CustomView","다음웹툰 앱의 새로운 UX 에 대한 소개와 개발 과정 및 팁을 공개합니다.
2018 if Kakao 에서 다음웹툰의 NEXT 미션으로 선 공개 했던 메인 TOP메뉴를 
어떻게 다음웹툰 UX 철학(Creative, Natural, Focusing, Meaningful)에 맞게 디자인 되고 개발(구현 및 튜닝)되었는지 그 과정을 소개하도록 하겠습니다. 

- New tab : Top UX 소개
- 구현 및 튜닝 과정
- 다음웹툰의 Next",함태윤(erkas.c) <카카오페이지>,https://mk.kakaocdn.net/dn/if-kakao/conf2019/%EB%B0%9C%ED%91%9C%EC%9E%90%EB%A3%8C_2019/T04-S05.pdf,https://mk.kakaocdn.net/dn/if-kakao/conf2019/conf_video_2019/1_104_05_m1.mp4
카카오 애플리케이션 모니터링 NEO,day1 (8/29),"APM, 애플리케이션맵, 성능, 트러블슈팅, 카산드라","NEO는 카카오에서 자바 애플리케이션 서버 개발자들이 사용하는 성능 모니터링/분석 서비스입니다. 사내에 오픈 한지 일 년을 넘긴 현재 수백 개의 서비스에서 수천 개의 인스턴스가 사용하고 있습니다. MSA와 애플리케이션 컨테이너화의 흐름 속에서 NEO가 진화해온 과정과 현재의 모습을 보여드리고 운영 과정에서 겪었던 시행착오, 활용 사례 등을 공유하려고 합니다.",김은수(bill.23) <카카오>,https://mk.kakaocdn.net/dn/if-kakao/conf2019/%EB%B0%9C%ED%91%9C%EC%9E%90%EB%A3%8C_2019/T05-S05.pdf,https://mk.kakaocdn.net/dn/if-kakao/conf2019/conf_video_2019/1_105_05_m1.mp4
블록체인 제품 생태계를 구성해보자,day2 (8/30),"컨텍스트, 일정지옥, 따로또같이, 빅픽쳐","그라운드엑스가 블록체인을 통해 세상에 기여하고 싶은 메세지가 있습니다. 그것을 이뤄내기 위해 어떤 제품들을 기획했고, 1년반동안 제품을 만들면서 PM/Designer/Data scientist/Engineer 들과 어떻게 협업을 하였는지 공유하고자 합니다. 그리고 메인넷을 출시한 다음에 어떤 제품로드맵과 방향을 가지고 있는지 공유할 예정입니다.",윤준식(chofa.gx) <그라운드X>,https://mk.kakaocdn.net/dn/if-kakao/conf2019/%EB%B0%9C%ED%91%9C%EC%9E%90%EB%A3%8C_2019/T06-S01.pdf,https://mk.kakaocdn.net/dn/if-kakao/conf2019/conf_video_2019/2_101_01_m1.mp4
"처음 설치부터 클러스터 관리까지, 3000대의 운영 노하우로 만든 카카오 Elasticsearch 운영 방법론 소개와 자동화 솔루션 시연",day2 (8/30),"ElasticSearch, 설치부터_관리까지, 3000대_운영노하우, 자동화_솔루션, 다양한실험","카카오에서는 ElasticSearch 검색엔진부터 분석엔진까지 3000개 넘는 노드를 운영하고 있습니다.
이렇게 많은 노드들을 잘 운영하려면 무엇이 필요할까요?
레퍼런스 문서에 나오지 않는 검색 엔진 클러스터 최적의 성능을 찾아가는 방법, 초당 수억건의 문서를 저장하는 분석엔진 운영 방법, 장기간의 데이터를 가성비를 고려하여 보관하는 방법, ansible 이나 Elastic Stack, 스크립트 등을 활용하여 손쉽게 운영할 수 있는 방법까지!
200개가 넘는 클러스터의 레퍼런스를 바탕으로 로그분석, 메일검색, 카카오톡 # 탭 등의 클러스터 특성별 최적화 방안과 운영 노하우, 그 외에 카카오에서 ElasticSearch 를 대상으로 하고 있는 다양한 실험들을 최초로 공개합니다.",박상헌(benjamin.butn) <카카오>,https://mk.kakaocdn.net/dn/if-kakao/conf2019/%EB%B0%9C%ED%91%9C%EC%9E%90%EB%A3%8C_2019/T07-S01-Benjamin.pdf,https://mk.kakaocdn.net/dn/if-kakao/conf2019/video_2019/33_m1.mp4
둥꿍둥꿍 느낌 아는 음악 바텐더,day2 (8/30),"CollaborativeFiltering, ContentBasedFiltering, 머신러닝, ML","어떤 곡의 느낌을 너무 좋아해서 그런 곡들만 계속 듣고 싶었던 적 있으신가요? 바텐더에게 새로운 칵테일을 추천받듯, 마음에 드는 곡 몇 개와 키워드를 가지고 취향에 맞는 음악을 추천받을 수 있다면 좋지 않을까요? 이번 발표에서는 어떤 곡이 어떤 곡들과 비슷한지, 어떤 키워드들과 어울리는지를 표현하는 방법들을 알아보고, 이를 활용한 멜론 자동 플레이리스트 생성 기술에 대해 공유합니다. ",전재호(jay.jh) <카카오>,https://mk.kakaocdn.net/dn/if-kakao/conf2019/%EB%B0%9C%ED%91%9C%EC%9E%90%EB%A3%8C_2019/T08-S01.pdf,https://mk.kakaocdn.net/dn/if-kakao/conf2019/conf_video_2019/2_103_01_m1.mp4
금융사기 잡는 카카오뱅크의 데이터 사이언스,day2 (8/30),"카카오뱅크, FDS, AI, 데이터사이언스","금융사기란 어떤 문제이고 은행에서 이를 어떻게 다루고 있는지 소개한다. 기존의 방식이 갖는 한계와 문제점을 파악하여, 카카오뱅크에서 데이터 사이언스를 활용해 금융사기 문제를 어떻게 해결하고 있는지 소개한다.

- 금융사기란?
- 은행은 금융사기 문제를 어떻게 다루고 있나?
- 기존 방식의 한계와 문제점은?
- 카카오뱅크의 데이터 사이언스 소개
- 카카오뱅크에서는 금융사기 문제를 어떻게 접근하고 있나?
- 카카오뱅크의 다른 데이터 사이언스 과제들",전상현(ali.jeon) <카카오뱅크>,https://mk.kakaocdn.net/dn/if-kakao/conf2019/%EB%B0%9C%ED%91%9C%EC%9E%90%EB%A3%8C_2019/T09-S01-Ali.pdf,https://mk.kakaocdn.net/dn/if-kakao/conf2019/conf_video_2019/2_104_01_m1.mp4
성인 이미지 세계에서 살아남는 방법,day2 (8/30),"이미지, 스팸, 딥러닝, DL","카카오에서는 하루에도 수많은 이미지가 생성, 유통됩니다.
이 과정에서 특정 사용자들에 의한 음란/성인 이미지 유통 역시 이루어집니다.
처음, 많은 인력을 동원하여 일일이 사람 손으로 이미지를 검수 하던 단계를 지나,
이미지 레벨 시스템을 통해 훨씬 적은 리소스로 더 많은 이미지를 검수 하게 되었습니다.
이렇게 되기까지 무슨 일이 있었을까요?
'하늘색(파란색) 이미지는 성인 이미지일 확률이 낮다!' 과연 정말 그럴까요?
이 발표에서는 이미지 분석의 다양한 실험 사례와 스팸 분류기에 딥러닝을 적용한 사례를 다룹니다.",오창화(herschel.alway) <카카오>,https://mk.kakaocdn.net/dn/if-kakao/conf2019/%EB%B0%9C%ED%91%9C%EC%9E%90%EB%A3%8C_2019/T10-S01.pdf,https://mk.kakaocdn.net/dn/if-kakao/conf2019/conf_video_2019/2_105_01_m1.mp4
Klaytn 플랫폼 및 SDK 소개,day2 (8/30),"Klaytn, 블록체인, SDK, 1초, 고성능","본 발표는 Ground X가 주도하여 개발한 Public Blockchain 플랫폼인 Klaytn의 아키텍처와 SDK에 대해 소개합니다. Klaytn은 엔터프라이즈와 서비스를 지향하는 블록체인 플랫폼으로 1초의 블록 생성 및 확정 시간과 4000 TPS의 성능을 달성한 고성능의 블록체인 플랫폼입니다. 본 발표에서는 Klaytn의 네트워크 구조와 블록 생성 및 검증을 담당하는 Governance Council, 그리고 플랫폼의 전반적인 아키텍처에 대해서 설명합니다. 그리고 Klaytn에서 블록체인 애플리케이션을 개발할 때 사용할 수 있는 SDK인 caver-js와 caver-java에 대해서도 소개합니다. 마지막으로 Klaytn을 개발하고 메인넷 Cypress를 런칭하기까지의 개발 후기에 대해서도 공유할 예정입니다.",서상민(sam.gx) <그라운드X>,https://mk.kakaocdn.net/dn/if-kakao/conf2019/%EB%B0%9C%ED%91%9C%EC%9E%90%EB%A3%8C_2019/T06-S02.pdf,https://mk.kakaocdn.net/dn/if-kakao/conf2019/conf_video_2019/2_101_02_m1.mp4
밑바닥부터 시작하는 쇼핑 데이터 엔지니어링 고군 분투기,day2 (8/30),"ElasticSearch, 실시간처리, Spark, Kafka, 데이터파이프라인","Scale-Up 한계에 부딪힌 DB를 Elasticsearch로 전환하면서 고민했던 기술 노하우를 공유합니다. DB 데이터 변경 이벤트를 잡아내는 기본 원리를 소개하고, 변경된 이벤트로 검색 서비스를 만들기 위해 구성했던 데이터 파이프라인(실시간과 배치처리)에 대해서 이야기합니다. 데이터 정합성을 위한 아키텍쳐, 개발 테스트 환경 및 운영 전략과 간단한 팁에 대해서도 이야기합니다.",전수현(tasha.j) <카카오커머스>,https://mk.kakaocdn.net/dn/if-kakao/conf2019/%EB%B0%9C%ED%91%9C%EC%9E%90%EB%A3%8C_2019/T07-S02-Tasha.pdf,https://mk.kakaocdn.net/dn/if-kakao/conf2019/conf_video_2019/2_102_02_m1.mp4
Buffalo: Open Source Project for Recommender System,day2 (8/30),"추천시스템, recsys, AI, 머신러닝, ML, 오픈소스, c++, 파이썬",카카오 추천시스템에 활용중인 Matrix Factorization 알고리즘을 엮은 버팔로 오픈소스를 소개한다. 널리 알려진 알고리즘을 카카오 데이터와 환경에 맞게 개선하고 변경한 내용을 설명하고 기존에 공개된 유사한 목적의 오픈 소스 프로젝트와의 밴치마킹 결과 비교를 통해 장점과 단점을 알아보고자 한다.,김광섭(lucas.kim) <카카오>,https://mk.kakaocdn.net/dn/if-kakao/conf2019/%EB%B0%9C%ED%91%9C%EC%9E%90%EB%A3%8C_2019/T08-S02-Buffalo.pdf,https://mk.kakaocdn.net/dn/if-kakao/conf2019/conf_video_2019/2_103_02_m1.mp4
Under the hood: Bot engine,day2 (8/30),"챗봇, AI, 오픈빌더","봇엔진

- 기본 동작
- Multi turn ( Slotfilling과 context)
- 대화 공간 처리 (space 개념)
- 모호한 의도 처리 
- MultiSurface 지원
- bot layer를 이용한 확장",황지수(mario.h) <카카오>,https://mk.kakaocdn.net/dn/if-kakao/conf2019/%EB%B0%9C%ED%91%9C%EC%9E%90%EB%A3%8C_2019/T09-S02-Mario.pdf,https://mk.kakaocdn.net/dn/if-kakao/conf2019/conf_video_2019/2_104_02_m1.mp4
README.ocr: 딥러닝 기반 문자인식 프로젝트,day2 (8/30),"AI, 딥러닝, DL, OCR, 문자인식","문자인식(OCR)이란, 이미지로부터 텍스트 정보를 읽어내는 기술을 말합니다. OCR은 요즘처럼 머신러닝 기술이 발전하기 이전부터 수많은 연구가 이루어지고있는 분야이지만, 아직까지 스캔된 문서가 아닌 일반적인 형태의 이미지에 대해서는 만족스러운 성능이 나오지 않고 있는데요, 이 발표에서는 잘 동작하는 OCR 모델이 극복해야할 여러 문제들과, 딥러닝 기반 OCR 모델의 대략적인 동작 원리를 소개할 예정입니다. 초반부에는 OCR모델의 학습을 위해 합성 이미지 데이터를 생성하는 방법을 다루며, 이후에는 CNN, RNN, CTC와 attention 메커니즘 등 딥러닝 기반의 OCR모델을 만드는 데 필요한 구성요소들을 소개합니다. 마지막으로는 실제 동작하고 있는 OCR모델에서 각각의 모듈이 어떤 역할을 하는지까지 이해하도록 하는 것을 목표로 하고 있습니다.",박선규(louis.park) <카카오>,https://mk.kakaocdn.net/dn/if-kakao/conf2019/%EB%B0%9C%ED%91%9C%EC%9E%90%EB%A3%8C_2019/T10-S02.pdf,https://mk.kakaocdn.net/dn/if-kakao/conf2019/conf_video_2019/2_105_02_m1.mp4
클레이튼을 이용한 블록체인 서비스/DX 개발기,day2 (8/30),"Klaytn, Klaytnscope, 블록체인, 4000TPS",블록체인 서비스와 블록체인 개발툴에 대한 개발기에 대해서 이야기합니다. 클레이튼을 이용한 암호화폐 기반 커뮤니티인 BLASQ를 개발하면서 글 데이터를 블록체인에 올리기 위해 고려한 설계와 유저가 아닌 서비스 제공자가 트랜잭션 수수료를 낼 수 있도록 만든 대납 구조를 설명하고 클레이튼의 핵심 기능인 ‘대납 트랜잭션’에 대해 설명합니다. 그리고 클레이튼 블록체인 익스플로러인 Klaytnscope의 아키텍처와 4000TPS의 부하에서도 실시간성을 최대한 보장하기 위한 노력과 경험을 공유합니다.,임석의(liam.gx) <그라운드X>,https://mk.kakaocdn.net/dn/if-kakao/conf2019/%EB%B0%9C%ED%91%9C%EC%9E%90%EB%A3%8C_2019/T06-S03.pdf,https://mk.kakaocdn.net/dn/if-kakao/conf2019/conf_video_2019/2_101_03_m1.mp4
카카오에서는 어떻게 OpenJDK를 활용하고있을까?,day2 (8/30),"OpenJDK, JDK, 자바, 안정성, 버전관리","2019년 4월 19일 이후로 OracleJDK에 대한 라이센스가 BCL(Oracle Binary Code License)에서 subscription license로 변경되면서 OpenJDK에 대한 관심이 증가하고 있습니다. Oracle의 JDK 라이센스 정책 변경에 따라 기존에 사용하고 있는 OracleJDK는 어떤 영향을 받는지, 그리고 OpenJDK로 전환하여 사용할 경우 고려해야할 점들은 어떤 것들이 있는지를 알아보고, 카카오에서는 OpenJDK의 안정성을 보장하는 테스트 시스템 구축과 전사 모든 Java를 사용하고 있는 모든 서버의 JDK 버전을 어떻게 관리하고 있는지에 대한 경험을 공유합니다.","송근욱(felix.sh) <카카오>, 전병희(kyle.jun) <카카오>",https://mk.kakaocdn.net/dn/if-kakao/conf2019/%EB%B0%9C%ED%91%9C%EC%9E%90%EB%A3%8C_2019/T07-S03-Kyle-Felix.pdf,https://mk.kakaocdn.net/dn/if-kakao/conf2019/conf_video_2019/2_102_03_m1.mp4
카카오와 다음의 컨텐츠들은 어떻게 분류되고 있을까?,day2 (8/30),AI,"카카오톡과 다음에서 제공하는 컨텐츠 포탈 서비스가 최근에 노력하는 부분 중에 하나는
수많은 컨텐츠들을 적절한 카테고리로 분류해주는 머신러닝 기술입니다.
정확한 분류성능을 가진 머신러닝 모델은 만들어내는 일은 생각 만큼 용이하지 않습니다.
알고리즘을 잘 사용해서 수치상으로 좋은 모델을 만들어냈다고 해도 실제 좋은 성능을 보여주리라는 보장이 없습니다.
그러기에 학습셋을 잘 관리하고, 다양한 모델들을 만들어내고 실제 컨텐츠에 적용하여 얻은 피드백을 활용해 더 나은 모델을 만들어가는 것이 매우 중요한 일입니다.
본 발표에서는 다음과 카카오톡의 여러 사례들을 기반으로, 모델이 만들어진 이후 피드백을 통해 더 나은 학습셋을 구축하여 모델성능을 높이는 과정을 보여주려고 합니다.",김홍우(brad.kim) <카카오>,https://mk.kakaocdn.net/dn/if-kakao/conf2019/%EB%B0%9C%ED%91%9C%EC%9E%90%EB%A3%8C_2019/T08-S03.pdf,https://mk.kakaocdn.net/dn/if-kakao/conf2019/conf_video_2019/2_103_03_m1.mp4
기계 독해 및 웹검색에 기반한 한국어 오픈 도메인 질의 응답 시스템,day2 (8/30),"AI, MRC, QA, 실서비스, 속도","기계 독해는 질문과, 질문에 대한 답이 포함된 문서가 주어졌을 때, 문서에서 질문에 대한 답을 찾아내는 문제이다. 본 세션에서는 기계 독해와 웹 검색을 결합한 한국어 오픈 도메인 질의 응답 시스템에 대하여 공유한다. 특히, 실시간으로 수많은 문서들을 분석하여 답을 찾아내기 위한 기계 독해 알고리즘의 최적화 노하우와, 실제 웹 검색 결과들로부터 기계 독해 알고리즘을 이용하여 답을 찾고자 할 때 발생하는 실제적인 문제점들 및 해결 방안들에 대하여 공유한다. 본 세션에서 공유되는 한국어 오픈 도메인 질의 응답 시스템은 카카오 미니 인공지능 스피커의 일부 기능으로 적용되어 실서비스되고 있다.",최동현(heuristic.085) <카카오>,https://mk.kakaocdn.net/dn/if-kakao/conf2019/%EB%B0%9C%ED%91%9C%EC%9E%90%EB%A3%8C_2019/T09-S03-Heuristic.pdf,https://mk.kakaocdn.net/dn/if-kakao/conf2019/conf_video_2019/2_104_03_m1.mp4
TensorRT를 이용한 카카오 OCR 모델 Inference 성능 최적화,day2 (8/30),"TensorFlow, TensorRT, AI","딥러닝 모델 서비스에서는 모델의 정확도 뿐만 아니라, 모델의 Inference 성능 또한 중요한 고려 요소가 됩니다. 이 세션에서는 TensorRT를 활용해 카카오 OCR 모델의 Inference 성능을 최적화한 사례를 소개합니다.
TensorFlow로 학습한 모델을 TensorRT로 Inference 하는 과정을 설명드리고, Inference 성능 비교 결과를 통해 모델의 학습 및 최적화 과정에서 고려할 사항들에 대해서도 말씀드리고자 합니다.
",이현수(dice.lee) <카카오>,https://mk.kakaocdn.net/dn/if-kakao/conf2019/발표자료_2019/T10-S03.pdf,https://mk.kakaocdn.net/dn/if-kakao/conf2019/conf_video_2019/2_105_03_m1.mp4
Klaytn 성능 향상 대장정 - 1000만 account 극복기,day2 (8/30),"블록체인, Klaytn, 최적화, 노하우","블록체인은 네트워크 상에서 상태가 합의를 이루고 복제되어야하는 제한 조건 때문에 전통적인 데이터베이스에 비해 떨어지는 성능을 보인다. 또한 클레이튼에서는 각 어카운트의 정보를 저장하기 위해 Merkle Partricia Trie를 사용하는데, Merkle Partricia Trie의 성능은 전체 어카운트 개수가 늘어날수록 떨어진다. 1000만개 이상의 어카운트가 존재할 때에도 성능 저하를 최소화 하기 위해 1) 일반적인 성능 향상과 더불어 2) 어카운트 개수 증가에 의한 성능 저하를 최소화하는 작업을 동시에 진행하였다. 본 세션에서는 블록체인의 성능 병목 구간에 대한 설명과 더불어 1) Consensus Layer, 2) In-memory Layer, 3) Persistent Layer 의 각 레이어 별로 적용한 최적화 기법들, 그리고 그 사이에 마주친 문제들에 대해 공유하는 시간을 갖는다.",우준희(melvin.gx) <그라운드X>,https://mk.kakaocdn.net/dn/if-kakao/conf2019/%EB%B0%9C%ED%91%9C%EC%9E%90%EB%A3%8C_2019/T06-S04.pdf,https://mk.kakaocdn.net/dn/if-kakao/conf2019/conf_video_2019/2_101_04_m1.mp4
App initialization with priority queue,day2 (8/30),"iOS, mobile","iOS App Delegate 기반의 로직으로 서비스의 초기화 과정을 진행하다 보면 코드의 파편화가 이루어지는 경우가 많습니다. 그리고 초기화 도중 여러 복잡한 Action 간의 충돌가능성을 회피하기 위한 로직도 필요합니다. login, push, url 접근등, 다양한 상황별 예외처리를 Kakao T 에서는 Priority Queue 를 이용하여 어떻게 효율적으로 운용하고 있는지를 소개합니다.",이상규(sheldon.fine) <카카오모빌리티>,https://mk.kakaocdn.net/dn/if-kakao/conf2019/%EB%B0%9C%ED%91%9C%EC%9E%90%EB%A3%8C_2019/T07-S04-Sheldon.pdf,https://mk.kakaocdn.net/dn/if-kakao/conf2019/conf_video_2019/2_102_04_m1.mp4
상품 카탈로그 자동 생성 ML 모델 소개,day2 (8/30),"대용량, 머신러닝, ML, 그래프, 커머스, 유스케이스","카탈로그란 사용자가 쉽게 상품의 최저가를 확인할 수 있도록 서로 다른 쇼핑몰의 같은 상품을 모아 제공하는 '가격비교' 서비스입니다. 기존의 카탈로그가 수동으로 동일 상품을 묶어 생성했다면, 최근 이 과정을 머신러닝 모델 기반의 자동 프로세스로 대체함으로써 효율적인 카탈로그 생성이 가능해졌습니다. 이번 발표에서는 다음 쇼핑하우 카탈로그 생성에 적용된 머신러닝 모델을 소개하고 그 효과에 대해 공유합니다.","김현지(anes.kim) <카카오>, 박치완(bell.park) <카카오>",https://mk.kakaocdn.net/dn/if-kakao/conf2019/%EB%B0%9C%ED%91%9C%EC%9E%90%EB%A3%8C_2019/T08-S04.pdf,https://mk.kakaocdn.net/dn/if-kakao/conf2019/conf_video_2019/2_103_04_m1.mp4
Korean의 Korean 체험기,day2 (8/30),"AI, NLP, Bert, BPE","한국어 자연어 처리를 위한 전처리와 모델링, 그리고 이를 활용한 웹 데이터의 감정분석 태스크를 진행했습니다.
한국어는 형태소 분석이 어렵고, 캐릭터의 개수가 많습니다.
또한 웹 데이터에서 발생하는 오탈자 및 인터넷 용어 사용으로 자연어 처리에 어려움이 있습니다.
이를 구조적 어려움과 활용적 어려움으로 구분하고, 두 가지 문제를 해결하기 위한 제 접근법을 공유합니다.
두 가지 문제는 각각 한국어에 맞게 수정한 전처리 방법과, 이를 BERT 모델로 해결하였습니다.
제안한 방법은 영화 리뷰 감정분석 태스크에서 성능을 측정하였고, 한국어를 지원하는 Google과 ETRI의 BERT 모델과 비교하였습니다.
추가로, 실험하면서 겪은 몇 가지 문제점들과 해결 방법을 발표합니다.",박용규(keith.gotkeys) <카카오페이>,https://mk.kakaocdn.net/dn/if-kakao/conf2019/%EB%B0%9C%ED%91%9C%EC%9E%90%EB%A3%8C_2019/T09-S04-Keith.pdf,https://mk.kakaocdn.net/dn/if-kakao/conf2019/conf_video_2019/2_104_04_m1.mp4
비주얼컴퓨팅을 활용한 카카오맵,day2 (8/30),"카카오맵, 비주얼컴퓨팅, 컴퓨터비전, 딥러닝, DL","카카오맵은 현실세계에 대한 정보를 빠르고 정확하게 전달하기 위한 기술을 개발하며, 방대한 규모의 데이터와 다양한 도메인 정보를 응용하는 연구들을 진행합니다.
실제 공간을 맵데이터 안에 정확히 투영하기 위해서는 영상이 표현하는 다양한 정보를 분석하고 그 안에서 새로운 가치를 만들어 가는 비주얼컴퓨팅 기술이 필요로 됩니다.
본 발표에서는 '360도 파노라마 로드뷰'와 '실제 모습을 정확하게 반영한 3D스카이뷰'등에 비주얼컴퓨팅기술을 접목하여, 정보를 획득, 분석, 활용하는 일련의 과정에 대하여 설명하고자 합니다.",박영욱(thomas.young) <카카오>,https://mk.kakaocdn.net/dn/if-kakao/conf2019/%EB%B0%9C%ED%91%9C%EC%9E%90%EB%A3%8C_2019/T10-S04.pdf,https://mk.kakaocdn.net/dn/if-kakao/conf2019/conf_video_2019/2_105_04_m1.mp4
카카오의 오픈소스 관리 시스템 : Olive 로 오픈소스를 요리하다,day2 (8/30),"오픈소스, Open, OSS, License, Dependency, Olive","오픈소스 사용 비중이 높아지면서, 오픈소스 관리의 중요성도 높아지고 있습니다.
카카오는 수많은 프로젝트에서 사용하는 오픈소스를 어떻게 관리하고 있을까요?
카카오는 프로젝트를 진행하면서 Github을 어떻게 사용하고 있을까요?
이 세션에서는 카카오의 오픈소스 관리 시스템 'Olive'의 기능과 개발과정을 소개하고, 기술상생을 위한 로드맵을 공유합니다.","황민호(robin.hwang) <카카오>, 황은경(violet.blue) <카카오>",https://mk.kakaocdn.net/dn/if-kakao/conf2019/%EB%B0%9C%ED%91%9C%EC%9E%90%EB%A3%8C_2019/T06-S05.pdf,https://mk.kakaocdn.net/dn/if-kakao/conf2019/conf_video_2019/2_101_05_m1.mp4
모던 C++ 윈도우 데스크탑 클라이언트 개발,day2 (8/30),"윈도우즈, 카카오톡, 클라이언트, C++","2009년의 윈도우 개발환경과 2019년의 개발환경 사이에는 툴, 언어, 플랫폼 등 많은 것들이 변해왔습니다. 하지만 다른 플랫폼이나 기술 소식에 밀려 그 동안 발전되고 달라진 부분들이 드러날 기회가 없었습니다. 특히 모던 C++ 등장은 윈도우 개발 방식에도 큰 영향을 주었는데, 새로운 문법들이 어떤 과거 방식들을 대체했는지, 어떠한 새로운 프레임워크를 만들고 가능하게 했는지, 어떤 점들이 변해왔는지를 살펴봅니다. 그리고 새로운 툴을 활용하여 지루했고 복잡했던(혹은 불가능했던) 과거의 방법들을 단순화/자동화 하는지도 소개합니다. ",김희준(heath.hekim) <카카오>,https://mk.kakaocdn.net/dn/if-kakao/conf2019/%EB%B0%9C%ED%91%9C%EC%9E%90%EB%A3%8C_2019/T07-S05-Heath.pdf,https://mk.kakaocdn.net/dn/if-kakao/conf2019/conf_video_2019/2_102_05_m1.mp4
데이터 관점에서 본 광고랭킹의 실제적인 문제들,day2 (8/30),"AD, 랭킹, 추천, 머신러닝, ML, 빅데이터","광고는 카카오의 기본 비즈니스 모델 중 하나다. 초당 수천, 수만의 광고 요청을 빠르게 대응해서 사용자와 접속 환경에 가장 적합한 광고를 선택하는 것은 매우 도전적인 과제다. 이를 위해 빠르고 정확한 랭킹 모델이 필요하다. 광고주가 입력한 입찰액 (BA)과 광고의 예측 반응률 (pCTR)의 곱으로 계산되는 eCPM이 광고 랭킹의 기본이지만, 광고요청에서 노출에 이르는 광고 선택 전과정을 뜯어보면 eCPM 계산보다 더 다양하고 복잡한 이슈들이 있다. 본 발표는 광고 선택의 전과정을 조망하고 각 단계별로 해결해야하는 다양한 데이터 문제들을 다룬다. 사용자들의 다양한 피드백 대응, 반응률 예측에 필요한 사용자와 광고의 피쳐 임베딩, 지연 전환 예측, 탐험과 이용 문제, 평가와 실험 방법 등을 포함한다. 카카오에서 이미 해결한 문제 뿐만 아니라, 현재 고민 중인 해결해야할 문제도 함께 소개한다. 이론적인 접근이 아닌, 실제 광고랭킹과 추천서비스를 만들면서 마주한 실제적 문제들과 경험을 튜토리얼 형식으로 소개한다.",정부환(ben.hur) <카카오>,https://mk.kakaocdn.net/dn/if-kakao/conf2019/%EB%B0%9C%ED%91%9C%EC%9E%90%EB%A3%8C_2019/T08-S05-Distribution.pdf,https://mk.kakaocdn.net/dn/if-kakao/conf2019/conf_video_2019/2_103_05_m1.mp4
2019년 카카오 번역 서비스 개편,day2 (8/30),"AI, 번역","카카오에서 번역서비스를 시작한지 1년 반 정도 지났는데 그동안 소소한 개선은 있었지만 큰 변화는 없었습니다. 이번 개편은 카카오에서 그동안 축적된 기계 번역 관련 기술력을 한데 모아서 발산하는 과정이라고 볼 수 있습니다. 이 세션에서는 2019년 카카오 번역 서비스 개편 관련된 주요 특징 4가지를 공유해 보려고 합니다.

- 번역 언어 추가(19개국 언어 지원)
- 번역 성능 개선
- 문체 변환 기능
- 번역어간 매칭 하이라이팅",배재경(storm.bae) <카카오>,https://mk.kakaocdn.net/dn/if-kakao/conf2019/%EB%B0%9C%ED%91%9C%EC%9E%90%EB%A3%8C_2019/T09-S05-Storm.pdf,https://mk.kakaocdn.net/dn/if-kakao/conf2019/conf_video_2019/2_104_05_m1.mp4
카카오 대리 시공간 데이터를 이용한 강화학습 및 최적화,day2 (8/30),"머신러닝, ML",카카오 대리,조창민(anderson.jo) <카카오모빌리티>,https://mk.kakaocdn.net/dn/if-kakao/conf2019/%EB%B0%9C%ED%91%9C%EC%9E%90%EB%A3%8C_2019/T10_S05.pdf,https://mk.kakaocdn.net/dn/if-kakao/conf2019/conf_video_2019/2_105_05_m1.mp4
